mdb_id,onestop_id,method
mdb-1,f-dry0-cascobayislandtransitdistrict,url
mdb-4,f-hazleton~public~transit,name_0.82
mdb-5,f-st~lawrence~county~ny,url
mdb-10,f-87z-thebus,url
mdb-11,f-9-amtrak~amtrakcalifornia~amtrakcharteredvehicle,url
mdb-14,f-9mu-northcountytransitdistrict,url
mdb-15,f-9mu-orangecountytransportationauthority,url
mdb-17,f-9my-ycat,url
mdb-19,f-butler~transit~authority~pa,name_0.80
mdb-21,f-9px-cooscounty~or~us,url
mdb-22,f-9px-currypublictransit,url
mdb-23,f-9pz-lincolncounty~or~us,url
mdb-24,f-9pzdp-rhodyexpress~or~us,url
mdb-29,f-9q5-metro~losangeles,url
mdb-30,f-9q5-metro~losangeles~rail,url
mdb-31,f-9q5-govcbus,name_1.00
mdb-32,f-9q54-goldcoasttransit,url
mdb-37,f-9q5c-bigbluebus,url
mdb-38,f-9q5c-culvercitybus,url
mdb-41,f-sarnia~on~ca,name_0.80
mdb-42,f-9q6-kcapta~ca~us,url
mdb-43,f-9q6-sanluisobisporegionaltransitauthority~pasoroblesexpress~so,url
mdb-44,f-9q60w-cityofsanluisobispotransit,url
mdb-46,f-9q7-getbus,url
mdb-47,f-9zv-twin~cities~minnesota,name_0.80
mdb-48,f-orangeville~transit~ca,name_0.84
mdb-49,f-9q8-samtrans,url
mdb-50,f-9q8y-sfmta,url
mdb-52,f-9q8zr-tidelinewatertaxi~ca~us,name_1.00
mdb-53,f-9q9-bart,url
mdb-56,f-9q9-monterey~salinastransit,name_0.89
mdb-57,f-9q9-vta,url
mdb-59,f-9q9h-stanford~marguerite,url
mdb-60,f-9q9hy-mountainview,name_0.94
mdb-63,f-9q9p3-emerygoround,name_1.00
mdb-64,f-9q9q-wheelsbus,url
mdb-67,f-9qb-goldengatetransit,url
mdb-68,f-area~transit~authority~north~central~pa,name_0.80
mdb-69,f-dphg-centralohiotransitauthority,name_0.81
mdb-70,f-9qb-sonomacounty~ca~us,name_0.88
mdb-71,f-milton~on~ca,name_0.81
mdb-72,f-9qbc9-petalumatransit~petaluma~ca~us,name_1.00
mdb-73,f-9qbdx-santarosacitybus,url
mdb-74,f-9qc-capitolcorridor,url
mdb-77,f-9qc0-soltrans~ca~us,name_0.81
mdb-80,f-9qc0-soltrans~ca~us,url
mdb-81,f-9qc3-riovistadeltabreeze,name_1.00
mdb-82,f-9qc7-unitransdavis,url
mdb-83,f-9qcbb-cityofloditransit~grapeline,url
mdb-85,f-9qd-fresnocounty~ca~us,url
mdb-93,f-c3nf-calgarytransit,name_0.81
mdb-95,f-9qfyf-jumparoundcarson,url
mdb-96,f-9qh-metrolinktrains,url
mdb-97,f-9qh-omnitrans,url
mdb-100,f-9qh0-anaheim~ca~us,url
mdb-101,f-9qh1-foothilltransit,url
mdb-108,f-9qj-sunlinetransitagency,url
mdb-110,f-9qqj-rtcsnv,url
mdb-111,f-9qx5-suntran,url
mdb-112,f-9r-peoplemover~or~us,url
mdb-119,f-9qbc9-petalumatransit~petaluma~ca~us,name_0.87
mdb-121,f-9r8-josephinecounty~or~us,url
mdb-125,f-9r92-basin~or~us,url
mdb-126,f-9rb-benton~or~us,url
mdb-127,f-9rb-caravan~or~us,url
mdb-128,f-9rb-cherriots,url
mdb-130,f-9rb-diamondexpress~or~us,url
mdb-131,f-9rb-lanetransitdistrict,url
mdb-132,f-9rb-oregonexpressshuttle,url
mdb-133,f-9rb-pacificcrest~or~us,url
mdb-135,f-9rbm-albanytransit~or~us,url
mdb-137,f-9rbs-linnshuttle~or~us,url
mdb-139,f-9rc-cobreeze~or~us,url
mdb-141,f-9ruf-mcacs~or~us,url
mdb-142,f-9rv2-valleyride,url
mdb-144,f-9t9-suntran,url
mdb-145,f-9t9e-cityofsierravista,url
mdb-148,f-9tsk-sunmetro,url
mdb-149,f-9tvbk-carlsbadmunicipaltransitsystem,url
mdb-150,f-9v6-capitalmetro,url
mdb-151,f-luzerne~county~transit~authority,name_0.81
mdb-152,f-9vg-dallasarearapidtransit,url
mdb-153,f-sarnia~on~ca,name_0.85
mdb-154,f-9vk-metropolitantransitauthorityofharriscounty,url
mdb-157,f-9w-navajotransitsystem,url
mdb-162,f-9mu-orangecountytransportationauthority,name_0.83
mdb-163,f-9wgu-gunnisonvalleyrta,url
mdb-165,f-9wh-riometroregionaltransitdistrict,url
mdb-169,f-9xj-rtd,name_0.91
mdb-170,f-9x0-uta,url
mdb-171,f-9x8-pocatelloregionaltransit,url
mdb-173,f-9xh-ecotransit~co~us,url
mdb-177,f-estestransit~co~us,url
mdb-178,f-9xj-rtd,url
mdb-179,f-9xj-transfortcityoffortcollins,url
mdb-182,f-9y68-clevelandarearapidtransitcart,url
mdb-184,f-9y7v-metropolitantulsatransitauthority,url
mdb-185,f-9ydy-wichitatransit,url
mdb-186,f-9yreb-jet,url
mdb-187,f-9yu-kcata,url
mdb-188,f-9yum-kuonwheels~lawrencetransitsystem,url
mdb-193,f-9zmk-desmoinesarearegionaltransitauthority,url
mdb-196,f-orangeville~transit~ca,name_0.86
mdb-201,f-9zrs-metrorockislandcountymetropolitanmasstransitdistrict,url
mdb-203,f-9q9-bart,name_0.81
mdb-205,f-9zv-twin~cities~minnesota,url
mdb-206,f-9zvw-mvta~metro,url
mdb-207,f-9zx9-thejule,url
mdb-208,f-9zyy-eauclairetransit,url
mdb-209,f-academy~express~staten~island,url
mdb-210,f-acrta~oh~us,url
mdb-211,f-alhambra~ca~us,url
mdb-213,f-amarillo~city~transit,url
mdb-215,f-sarnia~on~ca,name_0.83
mdb-216,f-sarnia~on~ca,name_0.81
mdb-218,f-lebanon~transit~pa~us,name_0.81
mdb-221,f-barta~pa,url
mdb-222,f-baton~rouge~cats,url
mdb-223,f-dpeg-capitalareatransportationauthority,name_0.89
mdb-224,f-bctransit~100~mile~house,name_0.80
mdb-225,f-bdvk-anchoragepeoplemover,url
mdb-227,f-bellflower~ca~us,url
mdb-228,f-bellgardens~ca~us,url
mdb-230,f-9qb-sonomacounty~ca~us,name_0.80
mdb-231,f-bethesdacirculator~md~us,url
mdb-232,f-bew-fairbanksnorthstarborough~macstransit,url
mdb-233,f-birnie~bus,url
mdb-239,f-broome~county~ny~us,url
mdb-240,f-butler~county~rta,url
mdb-241,f-butte~regional~transit,url
mdb-242,f-c0r-pacifictransit,url
mdb-245,f-c2-appleline~goldline~dungenessline~grapeline,url
mdb-246,f-c20-tillamook~or~us,url
mdb-247,f-c20-trimet,url
mdb-250,f-c20-yamhillcounty~or~us,url
mdb-251,f-c208u-woodburn~or~us,url
mdb-252,f-c209-canbytransit~or~us,url
mdb-253,f-c20d-rideconnection~or~us,url
mdb-254,f-c20dz-washingtonparkshuttle~or~us,url
mdb-255,f-c20ep-swanisland~or~us,url
mdb-260,f-c21-hoodriver~or~us,url
mdb-261,f-c214-sandy~or~us,url
mdb-262,f-c215-gorgewet~wa~us,url
mdb-263,f-c22-graysharbortransit,url
mdb-264,f-c22-mason~wa~us,url
mdb-265,f-c22-piercetransit~soundtransit,url
mdb-266,f-c22e-intercitytransit,url
mdb-267,f-c23-metrokingcounty,url
mdb-268,f-c23-soundtransit,url
mdb-269,f-c23n-microsoftshuttles,url
mdb-270,f-c23p1-seattlechildrenshospitalshuttle,url
mdb-271,f-c24-peopleforpeople,url
mdb-273,f-c25p-benfranklintransit,url
mdb-275,f-c26-linktransit~wa~us,url
mdb-276,f-c26-yakimatransit,url
mdb-279,f-c28-clallamtransitsystem,url
mdb-280,f-c28-islandtransit,url
mdb-283,f-c28-washingtonstateferries,url
mdb-284,f-c28-whatcomtransportationauthority,url
mdb-288,f-c290-everetttransit,url
mdb-289,f-c2h-northeast~or~us,url
mdb-290,f-c2kx-spokanetransitauthority,url
mdb-292,f-c2qf-mountainline,url
mdb-299,f-catalina~express,url
mdb-302,f-ceats~ny,url
mdb-303,f-central~transit~wa,url
mdb-304,f-chautauqua~area~regional~transit~system,url
mdb-305,f-chemung~c~tran,url
mdb-306,f-chicagowatertaxi~il~us,url
mdb-310,f-cityofhelena~mt~us,url
mdb-315,f-corpus~christi~regional~transportation~authority,url
mdb-318,f-9q9-bart,name_0.89
mdb-319,f-9w-arizonashuttle~az~us,name_1.00
mdb-320,f-delano~ca~us,url
mdb-321,f-lakeland~passio,url
mdb-323,f-dht-collierareatransit~cat,url
mdb-324,f-dht-leecountytransit,url
mdb-325,f-dhv-hillsborougharearegionaltransit,url
mdb-326,f-dhv-psta,url
mdb-327,f-dhv-sarasotacountyareatransit,url
mdb-328,f-dhvk-manatee~fl~us,url
mdb-329,f-dhvrs-bullrunner,url
mdb-330,f-dhw-browardcountytransit,url
mdb-331,f-dhw-miamidadetransit,url
mdb-332,f-dhx-palmtran,url
mdb-333,f-dhx-tri~rail,url
mdb-339,f-djfq-birminghamjeffersoncountytransitauthority,url
mdb-342,f-djjg-lakecounty,url
mdb-345,f-djm2-regionaltransitsystem,url
mdb-346,f-djmu-jacksonvilletransportationauthority,url
mdb-347,f-djn-centralfloridaregionaltransitauthority,url
mdb-349,f-djn-votran,url
mdb-353,f-dn4m-huntsvilleshuttle,url
mdb-354,f-dn5b-cobbavl,url
mdb-355,f-dn5b-georgiatechtrolley~stingershuttles,url
mdb-357,f-dn5bpr-atlanticstationshuttle,url
mdb-358,f-dn5fv-cherokeeareatransportationsystemcats,url
mdb-359,f-dn5r-carta,url
mdb-360,f-dn6-regionaltransportationauthorityofmiddletennessee~nashville,url
mdb-361,f-area~transit~authority~north~central~pa,name_0.83
mdb-363,f-dnfq-bloomingtontransit,url
mdb-364,f-dng1-transitauthorityofrivercity,url
mdb-365,f-dngb-lextran,url
mdb-366,f-dngy-southwestohioregionaltransitauthority,url
mdb-367,f-dngy-transitauthorityofnorthernkentucky,url
mdb-368,f-dnh-marta,url
mdb-370,f-dnh01-cliffshuttles~emoryuniversity,url
mdb-373,f-dnr-piedmontauthorityforregionaltransportation,url
mdb-375,f-dnrg-cary~transit~nc~us,name_1.00
mdb-376,f-dnru-chapel~hill~transit~nc~us,name_0.86
mdb-379,f-dnwe-pulaski~va~us,url
mdb-380,f-dnwe-radford~va~us,url
mdb-382,f-dnzft-harrisonburghdpt,url
mdb-383,f-downey~ca~us,url
mdb-385,f-dp04-smtd,url
mdb-388,f-dp1h-champaignurbanamasstransitdistrict,url
mdb-390,f-dp3-pace,url
mdb-391,f-dp4j-citybus,url
mdb-394,f-dp8m-metrotransit~cityofmadison,url
mdb-398,f-dpc5-valleytransit,url
mdb-400,f-dpe-therapid,url
mdb-401,f-dpe0-kalamazoometrotransit,url
mdb-402,f-dpeg-capitalareatransportationauthority,url
mdb-403,f-dph4-greaterdaytonrta,url
mdb-404,f-dphg-centralohiotransitauthority,name_0.90
mdb-405,f-dpmf-nps~cuva~scenic~rail,url
mdb-406,f-dpmg-rta,url
mdb-407,f-dpp-mountainlinetransitauthority~wvuprt,url
mdb-408,f-dppc-alleganycountytransit,url
mdb-411,f-dpq-metro,url
mdb-414,f-dps-smart,url
mdb-415,f-dps2-annarborareatransportationauthority,url
mdb-417,f-dpsby4-detroitpeoplemover,url
mdb-421,f-dngy-southwestohioregionaltransitauthority,name_0.80
mdb-429,f-drs-franklinregionaltransitauthority,url
mdb-435,f-drt-baystatecruisecompany~ma~us,url
mdb-437,f-drt-mbta,url
mdb-439,f-drt0-metrowestregionaltransitauthority,url
mdb-441,f-drt3-909983,url
mdb-446,f-drt8-nps~boha~ferries,url
mdb-451,f-dru8-advancetransit,url
mdb-454,f-dry0-maine~greaterportlandmetrobus,url
mdb-456,f-durango~transit~co,url
mdb-457,f-dutchess~county~ny,url
mdb-462,f-gallup~express,url
mdb-464,f-dpsc-detroitdepartmentoftransportation,url
mdb-465,f-dpx-wwwnftacom,url
mdb-466,f-dq-mtamaryland~bus,url
mdb-467,f-dq-mtamaryland~commuterbus,url
mdb-468,f-dq-mtamaryland~marc,url
mdb-469,f-dq-mtamaryland~raillink,url
mdb-470,f-dq-mtamaryland~subwaylink,url
mdb-472,f-dpzk-barrietransit,name_0.84
mdb-473,f-dq9-hrt,url
mdb-476,f-dqc-stmarystransitsystem,url
mdb-477,f-dqc-thebusofprincegeorgescounty,url
mdb-478,f-dqc-virginiarailwayexpress,name_0.89
mdb-479,f-dqc7-charlescountyvango,url
mdb-480,f-dqce-calvertcountypublictransportation,url
mdb-483,f-dqcj-fairfaxconnector,url
mdb-484,f-dqcj1-fairfaxcue,url
mdb-485,f-dqcjj-arlingtontransit,url
mdb-487,f-dqcm2-dcstreetcar,url
mdb-488,f-dqcn-montgomerycountymdrideon,url
mdb-490,f-dqcqz-bwithurgoodmarshallairport,url
mdb-491,f-dqct-annapolistransit,url
mdb-492,f-dqcv-queenannescountyride,url
mdb-493,f-dqcx8-charmcitycirculator,url
mdb-494,f-dqf3-shoretransit,url
mdb-495,f-dqfd7-oceancitytransporation,url
mdb-497,f-dr09-washingtoncountycommuter,url
mdb-498,f-dr0b-transitservicesoffrederickcounty,url
mdb-499,f-dr1-rabbittransit,url
mdb-500,f-dr10-carrolltransitsystem~carrollareatransitsystemcats,url
mdb-501,f-dr1b-harfordtransitlink,url
mdb-504,f-dr41-ceciltransit,url
mdb-505,f-dr4e-patco,url
mdb-507,f-dr5-mtanyclirr,url
mdb-508,f-dr5-nj~transit~bus,url
mdb-509,f-dr5-nj~transit~rail,url
mdb-510,f-dr5r-mtabc,url
mdb-511,f-dr5r-mtanewyorkcitytransit,url
mdb-512,f-dr5r-mtanyctbusbrooklyn,url
mdb-513,f-dr5r-mtanyctbusmanhattan,url
mdb-514,f-dr5r-mtanyctbusstatenisland,url
mdb-515,f-dr5r-nycferry,url
mdb-516,f-dr5r-nyctsubway,url
mdb-518,f-dr5r7-nycdotsiferry,url
mdb-520,f-dr5x-mtanyctbusqueens,url
mdb-521,f-dr5x-wwwnicebuscom,url
mdb-522,f-dr5x2-jfkairtrain,url
mdb-523,f-dr63-monroecountytransitauthority,url
mdb-524,f-dr7-mtanyc~metro~north,url
mdb-525,f-dr7-nywaterway,url
mdb-526,f-dr7-ulstercountyareatransit,url
mdb-527,f-dr7-westchestercountybee~linesystem,url
mdb-528,f-dr72-mtanyctbusbronx,url
mdb-529,f-dr7cc-norwalktransit,url
mdb-531,f-dr8-accessallegany,url
mdb-532,f-dr8-hornellareatransit,url
mdb-533,f-dr8-rochester~geneseeregionaltransportationauthority,url
mdb-534,f-dr9-centro,url
mdb-535,f-dr997-tompkinsconsolidatedareatransit,url
mdb-536,f-drd-chenangofirsttransit,url
mdb-538,f-dpeg-capitalareatransportationauthority,name_0.80
mdb-540,f-dreh-gloversvilletransitservices,url
mdb-541,f-dres54-cityofmechanicvillepublictransit,url
mdb-544,f-drg-clintoncountypublictransit,url
mdb-545,f-drg-franklincountypublictransportation,url
mdb-546,f-drg-northcountryexpresstransit,url
mdb-548,f-drk-ny~suffolkcountytransit,url
mdb-549,f-drk-seastreak,url
mdb-553,f-drk-cttransit~hartford,url
mdb-557,f-hele~on~hi,url
mdb-558,f-huntingtonpark~ca~us,url
mdb-564,f-las~cruces~road~runner,url
mdb-566,f-lewis~county~ny,url
mdb-571,f-macog,url
mdb-572,f-9qb-sonomacounty~ca~us,name_0.81
mdb-573,f-madison~transit~services~ny,url
mdb-574,f-makah,url
mdb-575,f-met~transit~ia,url
mdb-581,f-mountain~express,url
mdb-582,f-ncrtd~nm,url
mdb-584,f-newburgh~beacon~shuttle~ny,url
mdb-585,f-northern~indiana~commuter~transportation~district,url
mdb-586,f-olean~area~transit~system,url
mdb-587,f-omaha~metro,url
mdb-589,f-otsego~express,url
mdb-590,f-pendleton~or~us,url
mdb-597,f-cttransit~hartford~line,url
mdb-602,f-memphis~area~transit~authority,url
mdb-605,f-canbyferry~or~us,url
mdb-606,f-getaroundtownexpress~ca~us,url
mdb-609,f-glendora~ca~us,url
mdb-610,f-gowal~fl~us,url
mdb-612,f-greeley~evans~transit,url
mdb-613,f-greene~county~transit~ny,url
mdb-614,f-greenride~co~us,url
mdb-615,f-greensboro~nc~us,url
mdb-624,f-drm-rhodeislandpublictransitauthority,url
mdb-625,f-gulfcoastcenter~tx~us,url
mdb-626,f-djn-floridadepartmentoftransportation,url
mdb-628,f-9q9jy-unioncitytransit,name_1.00
mdb-646,f-tulare~county~regional~transit~agency,url
mdb-719,f-dp5k-indiana~mits,url
mdb-803,f-redondo~beach~cities~transit,url
mdb-804,f-rensselaer~county~yankee~trails,url
mdb-805,f-roadrunnertransit~co~us,url
mdb-806,f-rosemead~ca~us,url
mdb-807,f-rrta~pa,url
mdb-808,f-rts~seneca~ny,url
mdb-812,f-santa~clarita,name_0.84
mdb-813,f-santa~ynez~valley~transit,url
mdb-814,f-schuyler~county~public~transit,url
mdb-815,f-smart~ca~us,name_0.85
mdb-816,f-snoqualmie~wa~us,url
mdb-818,f-stark~area~regional~transit~authority,url
mdb-819,f-sarnia~on~ca,name_0.85
mdb-823,f-trailways~adp~ny,url
mdb-824,f-trailways~nyp~ny,url
mdb-825,f-adirondack~trailways~nyt,url
mdb-833,f-wheatlandferry~or~us,url
mdb-834,f-buenavistaferry~or~us,url
mdb-838,f-c28-jeffersontransitauthority,url
mdb-839,f-santa~fe~trails,url
mdb-850,f-steuben~area~rides,url
mdb-851,f-steuben~county~ny,url
mdb-870,f-village~of~cooperstown~trolley,url
mdb-871,f-watertown~citibus,url
mdb-875,f-yates~transit~service,url
mdb-876,f-djjg-lakecounty,url
mdb-883,f-c20c-sctd~or~us,url
mdb-885,f-9vff-fortworthtransportationauthority,url
mdb-886,f-9qc-sanjoaquinrtd,url
mdb-897,f-9xj-rtd,name_0.82
mdb-902,f-grtc~va,url
mdb-905,f-huntington~area~rapid~transit,url
mdb-908,f-portage~area~regional~transportation~authority,url
mdb-910,f-leprechaun~connection,url
mdb-911,f-clarkstown~mini~trans,url
mdb-915,f-lower~hudson~transit~link,url
mdb-916,f-clbt~nassau~ny~us,url
mdb-917,f-green~bay~wi~us,url
mdb-919,f-city~of~lompoc~transit,url
mdb-922,f-western~reserve~transit~authority,url
mdb-923,f-cyride,url
mdb-926,f-dpsk-masstransportationauthorityflint,url
mdb-927,f-sullivan~county,url
mdb-928,f-putnam~area~rapid~transit,url
mdb-931,f-harneycounty,url
mdb-932,f-lcog~linklane,url
mdb-933,f-mtbachelor~or~us,url
mdb-994,f-9q5c-cityofcommercemunicipalbuslines,url
mdb-1053,f-loudouncounty~va~us,url
mdb-1060,f-sportran,url
mdb-1067,f-9qcs-rosevilletransit,url
mdb-1087,f-bacacounty~co~us,url
mdb-1109,f-rioc~nyc,url
mdb-1110,f-dq0d-wavetransit,url
mdb-1121,f-dnkk-knoxvilleareatransit,url
mdb-1126,f-brightline~trails,url
mdb-1133,f-9q9-acealtamontcorridorexpress,name_1.00
mdb-1141,f-dolorescounty~co~us,url
mdb-1143,f-djn1-fl~iridetrolley,url
mdb-1145,f-9qb-sonomacounty~ca~us,name_0.84
mdb-1187,f-dp3-metra,name_1.00
mdb-1189,f-dnwg-blacksburgtransit,url
mdb-1195,f-broomfield~co~us,url
mdb-1198,f-9q5b-longbeachtransit,url
mdb-1210,f-9q5-ladot,url
mdb-1211,f-9q9-scmtdcom,url
mdb-1213,f-9xh-cme~co~us,url
mdb-1234,f-river~valley~transit~authority,name_0.81
mdb-1240,f-atomic~city~transit,url
mdb-1241,f-9v1z-viametropolitantransit,name_0.83
mdb-1242,f-9v1z-viametropolitantransit,name_0.89
mdb-1244,f-9q9-actransit,name_0.85
mdb-1246,f-9q4g-santabarbaramtd,url
mdb-1254,f-astoria~riverfront~trolley,url
mdb-1284,f-shuttle~oregon,url
mdb-1287,f-brite~bus~va,url
mdb-1288,f-linktransit~nc~us,name_0.83
mdb-1295,f-9qc7-yolobusyolocounty,url
mdb-1296,f-9qcd-etranelkgrove,name_0.87
mdb-1299,f-fredericksburg~regional~transit,url
mdb-1312,f-cambria~county~transit~authority,name_0.86
mdb-1323,f-9qc2-trideltatransit,name_1.00
mdb-1327,f-quailtrail~or~us,url
mdb-1328,f-virginia~breeze,url
mdb-1784,f-towson~loop,url
mdb-1826,f-bettendorf~ia~us,url
mdb-1842,f-9q9-ucsc~taps,url
mdb-1846,f-dqc-wmata~bus,url
mdb-1847,f-dqc-wmata~rail,url
mdb-1861,f-dq0d-wavetransit,url
mdb-1862,f-dq0d-wavetransit~seahawk~shuttle,url
mdb-1867,f-salina~city~go~ks,url
mdb-1906,f-9x2-cachevalleytransitdistrict,url
mdb-1923,f-dnjq-greenlink,url
mdb-1958,f-dartmouth~vt~us,url
mdb-1971,f-linktransit~nc~us,url
mdb-1972,f-9r0-redding~ca~us,url
mdb-1973,f-dnvx-athenspublictransit,url
mdb-1974,f-9qc2-trideltatransit,url
mdb-1983,f-dq25-capital~area~transit~nc~us,url
mdb-1986,f-9qbdx-santarosacitybus,name_1.00
mdb-1999,f-redondo~beach~cities~transit,url
mdb-2000,f-rrta~pa,url
mdb-2001,f-stark~area~regional~transit~authority,url
mdb-2019,f-rockford~mass~transit~district,url
mdb-2024,f-c25p-benfranklintransit,url
mdb-2025,f-9q9hy-mountainview,url
mdb-2026,f-dq0d-wavetransit~seahawk~shuttle,url
mdb-2030,f-relaxsan~ca~us,url
mdb-2032,f-winona~mn,url
mdb-2035,f-stl~loop~trolley,url
mdb-2040,f-lebanon~transit~pa~us,name_0.81
mdb-2043,f-discovergoodwill~co~us,url
mdb-2045,f-9zv-twin~cities~minnesota,name_0.83
mdb-2046,f-elpaso~co~us,url
mdb-2048,f-gunnisonvalleyrta~co~us~flex,url
mdb-2049,f-prowerscounty~co~us~flex,url
mdb-2052,f-bctransit~100~mile~house,name_0.80
mdb-2054,f-9xj-rtd,name_1.00
mdb-2060,f-9vk-metropolitantransitauthorityofharriscounty,url
mdb-2061,f-9xh-ecotransit~co~us,url
mdb-2062,f-9y69-embark,url
mdb-2064,f-barta~pa,url
mdb-2065,f-baton~rouge~cats,url
mdb-2066,f-dnfq-bloomingtontransit,url
mdb-2067,f-dngb-lextran,url
mdb-2068,f-dngy-transitauthorityofnorthernkentucky,url
mdb-2069,f-dpc5-valleytransit,url
mdb-2070,f-altoona~metro~transit,name_0.82
mdb-2071,f-dpq-metro,url
mdb-2072,f-dps2w-universityofmichigantransitservices,url
mdb-2073,f-thompson~island~ferry,url
mdb-2074,f-dq25-capital~area~transit~nc~us,url
mdb-2075,f-las~cruces~road~runner,url
mdb-2076,f-greeley~evans~transit,url
mdb-2079,f-broome~county~ny~us,url
mdb-2080,f-djwq-chathamareatransit,url
mdb-2081,f-dn4m-huntsvilleshuttle,url
mdb-2082,f-dn5r-carta,url
mdb-2083,f-9zx9-thejule,url
mdb-2127,f-dp9-milwaukeecountytransitsystem,url
mdb-2135,f-9qc-eldoradotransit~ca~us,url
mdb-2136,f-9qcd-etranelkgrove,url
mdb-2137,f-9qcd-etranelkgrove,name_0.87
mdb-2146,f-albany~ga~us,url
mdb-2149,f-9q5f7-burbankbus,url
mdb-2156,f-adamscounty~co~us~flex,url
mdb-2157,f-bentcounty~co~us~flex,url
mdb-2161,f-cityofloveland~co~us,url
mdb-2164,f-concordareatransit~nh~us,url
mdb-2165,f-continuum~co~us,url
mdb-2169,f-kiowacounty~co~us,url
mdb-2170,f-lajunta~co~us,url
mdb-2171,f-lakewoodrides~co~us,url
mdb-2172,f-manteca~transit~flex,url
mdb-2173,f-mountainfamilycenter~co~us~flex,url
mdb-2174,f-move~stanislaus~vetsvan~flex,url
mdb-2175,f-omnibus~co~us~flex,url
mdb-2178,f-rccoa~co~us~flex,url
mdb-2180,f-san~joaquin~rtd~dial~a~rideand~van~go~flex,url
mdb-2181,f-sccog~co~us~flex,url
mdb-2182,f-silverkey~co~us~flex,url
mdb-2184,f-southwestrides~co~us~flex,url
mdb-2185,f-srda~co~us~flex,url
mdb-2186,f-stan~rta~modesto~newman~oakdale~pattersomand~riverbank~flex,url
mdb-2187,f-tracy~tracer~plusand~paratransit~flex,url
mdb-2188,f-uaacog~co~us~flex,url
mdb-2189,f-c25-ctuir~or~us,url
mdb-2190,f-9myr-paloverdevalley~ca~us,url
mdb-2191,f-9xj5s-viamobilityservices~co~us,url
mdb-2192,f-bloombus~ma~us,url
mdb-2194,f-drsh-dvtamoover~vt~us,url
mdb-2195,f-sanmiguelcounty~co~us,url
mdb-2196,f-makah,url
mdb-2197,f-squaxinisland~wa~us,url
mdb-2198,f-dnwe-pulaski~va~us,url
mdb-2199,f-cityofgrandforks~nd~us,url
mdb-2201,f-montebello~bus,url
mdb-2202,f-9q5cx-montereypark~ca~us,url
mdb-2203,f-southcountytransitlink~ca~us,url
mdb-2204,f-9q6-kcapta~ca~us,url
mdb-2205,f-philomath~corvallis~or~us,url
mdb-2206,f-9t9p7-universityofaz~cattran~freeshuttleservice,url
mdb-2207,f-glenn~ca~us,url
mdb-2208,f-dp0r-citylink,url
mdb-2209,f-dnn3-thecomet~sc~us,url
mdb-2210,f-elsegundo~ca~us,url
mdb-2211,f-dnq-dcrides,name_0.83
mdb-2216,f-9w-arizonashuttle~az~us,name_0.81
mdb-2223,f-dqcm2-dcstreetcar,url
mdb-2224,f-9q9p3-emerygoround,name_1.00
mdb-2232,f-pueblo~co~us,url
mdb-2233,f-sarnia~on~ca,name_0.81
mdb-2235,f-sanjuancapistrano~ca~us,url
mdb-2236,f-taft~ca~us,url
mdb-2239,f-dp8d-jts~wi~us,url
mdb-2240,f-drkg-seatbus~ct~us,url
mdb-2241,f-dnh0-gwinnettcountytransit,url
mdb-2242,f-dr7cc-norwalktransit,url
mdb-2243,f-arcadia~ca~us,url
mdb-2244,f-dnq9-ckrider~nc~us,url
mdb-2245,f-dq259-ncsu~wolfline~nc~us,url
mdb-2246,f-dp9e-belleurbansystem,url
mdb-2247,f-baldwinpark~ca~us,url
mdb-2248,f-9q9-bart,name_0.89
mdb-2249,f-lacampana~ca~us,url
mdb-2250,f-lapuente~ca~us,url
mdb-2251,f-sierramadre~ca~us,url
mdb-2254,f-bay~area~transportation~authority~mi,url
mdb-2256,f-portage~area~regional~transportation~authority,url
mdb-2257,f-djjk-citruscounty~fl~us,url
mdb-2258,f-dhvk-manatee~fl~us,url
mdb-2259,f-dht-collierareatransit~cat,url
mdb-2261,f-omaha~metro,url
mdb-2262,f-dpnz-bcta,url
mdb-2263,f-djfq-birminghamjeffersoncountytransitauthority,url
mdb-2264,f-9ynm-centralarkansastransitauthority,url
mdb-2266,f-dp73-citilink,url
mdb-2267,f-dp0w-connecttransit~il~us,url
mdb-2268,f-dqc-stmarystransitsystem,url
mdb-2269,f-9z70-lincolnstartran,url
mdb-2270,f-gtrans~ca~us,url
mdb-2272,f-9q4-smat~ca~us,url
mdb-2273,f-9q9-modesto~ca~us,url
mdb-2274,f-dnx-roanoke~va~us,url
mdb-2275,f-auburntransit~ca~us,url
mdb-2277,f-dnrg-cary~transit~nc~us,url
mdb-2278,f-9wg-rfta,url
mdb-2280,f-denver~rtd~bustang,url
mdb-2281,f-dpsby4-detroitpeoplemover,url
mdb-2283,f-9rbm-corvallis~or~us,url
mdb-2284,f-9tvbk-carlsbadmunicipaltransitsystem,url
mdb-2285,f-dqct-annapolistransit,url
mdb-2286,f-dr09-washingtoncountycommuter,url
mdb-2287,f-dpsk-masstransportationauthorityflint,url
mdb-2288,f-grandvalleytransit~flex,url
mdb-2290,f-durango~transit~co~flex,url
mdb-2291,f-lakecounty~co~us,url
mdb-2292,f-coloradosprings~co~us,url
mdb-2293,f-transfort~co~us~flex,url
mdb-2294,f-mountainexpress~co~us~flex,url
mdb-2296,f-browncounty~mn~us,url
mdb-2297,f-amtrakvermonter~vt~us,url
mdb-2298,f-asotincounty~wa~us,url
mdb-2299,f-blueapplebus~ma~us,url
mdb-2300,f-biddeford~saco~old~orchard~beach,url
mdb-2301,f-cctbus~mn~us,url
mdb-2302,f-ccttransit~wa~us,url
mdb-2303,f-9yum-thejo,url
mdb-2304,f-davenport~citi~bus,url
mdb-2306,f-eccog~co~us,url
mdb-2307,f-elwhatransit~wa~us,url
mdb-2308,f-four~county~transit~va~us,url
mdb-2309,f-granttransit~wa~us,url
mdb-2310,f-guemesislandferry~wa~us,url
mdb-2311,f-homage~wa~us,url
mdb-2313,f-jackson~tn~us,url
mdb-2314,f-kaltran~wa~us,url
mdb-2316,f-kimballcountytransit~ne~us,url
mdb-2317,f-kiryas~joel~ny,url
mdb-2318,f-lakechelan~wa~us,url
mdb-2320,f-lummitransit~wa~us,url
mdb-2321,f-megabus~us,url
mdb-2322,f-miamibeach,url
mdb-2323,f-miamigardens~fl~us,url
mdb-2324,f-middletown~ny~us,url
mdb-2325,f-moccasinexpress~wa~us,url
mdb-2326,f-muckleshoot~wa~us,url
mdb-2327,f-nisqually~wa~us,url
mdb-2328,f-nlte~nv~us,url
mdb-2330,f-9x-bustang~co~us,url
mdb-2331,f-pahtopublicpassage~wa~us,url
mdb-2332,f-9rb-lanetransitdistrict,name_0.80
mdb-2346,f-9w-navajotransitsystem,url
mdb-2347,f-dp3-pace,url
mdb-2348,f-9v1z-viametropolitantransit,name_0.89
mdb-2349,f-9x0-uta,url
mdb-2350,f-87z-thebus,url
mdb-2351,f-9qqj-rtcsnv,url
mdb-2352,f-memphis~area~transit~authority,url
mdb-2353,f-dr7-westchestercountybee~linesystem,url
mdb-2356,f-9wvk-mountainmetropolitantransit,url
mdb-2395,f-9xj5s-viamobilityservices~co~us,url
mdb-2412,f-djm2-regionaltransitsystem,url
mdb-2413,f-cityofgolden~co~us,url
mdb-2414,f-met~transit~ia,url
mdb-2415,f-dnwe-radford~va~us,url
mdb-2416,f-river~valley~transit~authority,name_0.81
mdb-2418,f-morrowcounty~or~us,url
mdb-2419,f-gadsden~al~us,url
mdb-2420,f-muletown,url
mdb-2425,f-9q9-scmtdcom,url
mdb-2426,f-dnh-grtaxpress,url
mdb-2433,f-avon~co~us,url
mdb-2434,f-dqcjj-arlingtontransit,name_1.00
mdb-2439,f-bctransit~100~mile~house,name_0.80
mdb-2440,f-orangeville~transit~ca,name_0.86
mdb-2444,f-sarnia~on~ca,name_0.85
mdb-2448,f-9qb-sonomacounty~ca~us,name_0.80
mdb-2455,f-9q9-actransit,name_0.85
mdb-2456,f-central~transit~wa,url
mdb-2609,f-dqcj1-fairfaxcue,url
mdb-2611,f-st~lawrence~county~ny,url
mdb-2616,f-blueskylimovail,url
mdb-2621,f-burnspaiute~or~us,url
mdb-2641,f-dry0-cityofsouthportland,url
mdb-2642,f-dry0-maine~greaterportlandmetrobus,url
mdb-2648,f-huntingtonpark~ca~us,url
mdb-2649,f-dq9k-wata,url
mdb-2650,f-dreh-gloversvilletransitservices,url
mdb-2652,f-9vxz-jatran~ms~us,url
mdb-2662,f-dng1-transitauthorityofrivercity,url
mdb-2667,f-santa~cruzer,url
mdb-2679,f-drt8-nps~boha~ferries,url
mdb-2684,f-9q9-acealtamontcorridorexpress,url
mdb-2706,f-c20-wilsonville~or~us,url
mdb-2708,f-9q8-samtrans,url
mdb-2739,f-c214-sandy~or~us,url
mdb-2740,f-clackamascounty~or~us,url
mdb-2741,f-clackamascounty~or~us~flex,url
mdb-2840,f-cttransit~hartford~line,url
mdb-2852,f-9r0-redding~ca~us,url
mdb-2854,f-dp3-metra,url
mdb-2855,f-kingman~az,url
mdb-2856,f-coolidge~az,url
mdb-2857,f-bisbee~az,url
mdb-2858,f-sedona~shuttle~az,url
mdb-2860,f-miami~az,url
mdb-2861,f-galveston~tx~us,url
mdb-2863,f-show~low~az,url
mdb-2864,f-douglas~az,url
mdb-2880,f-9q9hy-mountainview,name_0.94
mdb-2886,f-9q8y-sfmta,name_0.86
mdb-2894,f-9qdc-clovistransit~ca~us,url
mdb-2936,f-alexandria~va~us~paratransit,url
mdb-2937,f-9qbb-marintransit,url
mdb-2947,f-9qbc9-petalumatransit~petaluma~ca~us,name_1.00
mdb-2948,f-9qbdx-santarosacitybus,name_1.00
mdb-3032,f-butler~transit~authority~pa,name_0.80
mdb-3034,f-dr41-ceciltransit,url
mdb-3035,f-dr4e-patco,url
ntd-41,f-alaska~railroad~corporation,url
ntd-294,f-pullman~transit~wa~us,url
ntd-332,f-okanogan~county~transportation~nutrition,url
ntd-341,f-selkirks~pend~oreille~transit~authority,url
ntd-404,f-shoshone~county,url
ntd-10002,f-manchester~transit~authority,url
ntd-10004,f-area~transit~authority~north~central~pa,name_0.83
ntd-10015,f-lewiston~me~us,url
ntd-10087,f-nashua~transit~system,url
ntd-10107,f-milford~transit~district,url
ntd-10133,f-boston~express~bus~inc,url
ntd-10159,f-vna~home~healthcare~hospice~community~service,url
ntd-10183,f-steamshipauthority~ma~us,url
ntd-11152,f-mashantucket~pequot~tribal~nation,url
ntd-20005,f-chemung~c~tran,url
ntd-22929,f-seneca~nation~of~indians,url
ntd-30002,f-the~tri~state~transit~authority,url
ntd-30010,f-dr4r-lanta,url
ntd-30054,f-dr28-wwwcatabuscom,url
ntd-30116,f-lower~anthracite~transit~system,url
ntd-30122,f-randolph~county~senior~center,url
ntd-30124,f-warren~county~transit~authority~oh~us,url
ntd-30129,f-anne~arundel~county,url
ntd-40024,f-metra~ga~us,url
ntd-40054,f-johnson~city~tn~us,url
ntd-40055,f-city~of~bristol~tennessee,url
ntd-40056,f-dr8-rochester~geneseeregionaltransportationauthority,name_0.83
ntd-40060,f-hattiesburg~mi~us,url
ntd-40080,f-kats~tn,url
ntd-40101,f-spartanburg~sc~us,url
ntd-40117,f-municipality~of~vega~baja,url
ntd-40131,f-dnq-dcrides,name_0.87
ntd-40137,f-municipality~of~bayamon,url
ntd-40184,f-city~of~bowling~green,url
ntd-40188,f-vitran~vi~us,url
ntd-40190,f-east~tennessee~human~resource~agency~inc,url
ntd-40206,f-tricounty~link~sc~us,url
ntd-40989,f-cuats~tn~us,url
ntd-40999,f-9qb-sonomacounty~ca~us,name_0.81
ntd-41032,f-maysville~ky~us,url
ntd-41083,f-glasgow~ky~us,url
ntd-41136,f-pigeon~forge~tn~us,url
ntd-44929,f-city~of~fort~lauderdale,url
ntd-50004,f-lacrosse~wi~us,url
ntd-50020,f-springfield~oh~us,url
ntd-50028,f-st~cloud~metropolitan~transit~commission,url
ntd-50029,f-bay~metropolitan~transit~authority,url
ntd-50043,f-evansville~in~us,url
ntd-50090,f-9qc0-soltrans~ca~us,name_0.82
ntd-50142,f-steel~valley~regional~transit~authority,url
ntd-50145,f-city~of~kokomo,url
ntd-50163,f-licking~county~ohio,url
ntd-50205,f-c3x-edmontontransitsystem,name_0.84
ntd-50209,f-central~indiana~regional~transportation~authority,url
ntd-50232,f-macomb~il~us,url
ntd-50244,f-isabella~county~transportation~commission,url
ntd-50281,f-cass~county~council~on~aging,url
ntd-50327,f-south~central~illinois~mass~transit~district,url
ntd-50347,f-blue~river~services,url
ntd-50386,f-houghton~mi~us,url
ntd-50502,f-galesburg~il~us,url
ntd-60023,f-lake~charles~la~us,url
ntd-60032,f-9vrf-neworleansrta,url
ntd-60040,f-abilene~tx~us,url
ntd-60058,f-st~bernard~parish,url
ntd-60080,f-terrebonne~parish~consolidated~government,url
ntd-60086,f-fort~smith~ar~us,url
ntd-60091,f-9qbb-marintransit,name_0.86
ntd-60093,f-texarkana~urban~transit~district,url
ntd-60113,f-cleburne~tx~us,url
ntd-60118,f-edmond~ok~us,url
ntd-60133,f-mckinney~avenue~transit~authority,url
ntd-60161,f-eureka~springs~ak~us,url
ntd-60167,f-roswell~nm~us,url
ntd-60190,f-hobbs~nm~us,url
ntd-60196,f-tangipahoa~voluntary~council~on~aging,url
ntd-60214,f-logan~county~historical~society,url
ntd-66343,f-san~marcos~tx~us,url
ntd-70016,f-go~como,url
ntd-70043,f-jefferson~mo~us,url
ntd-70248,f-lyon~county~ks~us,url
ntd-80003,f-cb74-matbus,url
ntd-80012,f-great~falls~transit~district~mt,url
ntd-80013,f-casper~wy~us,url
ntd-80121,f-crawford~area~transportation~authority~pa,name_0.82
ntd-80188,f-jackson~wy~us,url
ntd-80280,f-archuleta~county,url
ntd-88293,f-park~county~mt~us,url
ntd-90091,f-sarnia~on~ca,name_0.83
ntd-90162,f-9qc2-trideltatransit,name_1.00
ntd-90163,f-9q5-govcbus,url
ntd-90217,f-manteca~transit,url
ntd-90237,f-kauai,url
ntd-90241,f-maui~county~transit,url
ntd-90247,f-alhambra~ca~us,url
ntd-90258,f-carson~ca~us,url
ntd-91122,f-regional~transportation~authority~of~pima~county,url
ntd-99419,f-yavapai~regional~transit,url
ntd-99436,f-gila~river~indian~community,url
tfs-376,f-dhv-sarasotacountyareatransit,url
tfs-392,f-linktransit~nc~us,name_0.83
tfs-473,f-sandy~or~us~flex,name_0.83
tfs-753,f-9zv-twin~cities~minnesota,name_0.83
tfs-1057,f-9q5c-culvercitybus,name_0.82
tld-61,f-dqc-virginiarailwayexpress,url
tld-77,f-dp89-beloittransit~wi~us,url
tld-89,f-dnru-chapel~hill~transit~nc~us,url
tld-98,f-dnru-durham~area~transit~authority~nc~us,url
tld-170,f-9rc-cascadeseast~or~us,url
tld-202,f-dnr-tta~regionalbus~nc~us,url
tld-217,f-9v1z-viametropolitantransit,url
tld-223,f-dr1-rabbittransit,url
tld-235,f-9y7v-metropolitantulsatransitauthority,url
tld-279,f-dr4r-lanta,url
tld-288_1,f-dqcx8-charmcitycirculator,url
tld-294,f-c26-yakimatransit,url
tld-319,f-de30-ati,url
tld-351,f-dhv-sarasotacountyareatransit,url
tld-351_1,f-dhv-sarasotacountyareatransit,url
tld-366,f-cambria~county~transit~authority,name_0.86
tld-395,f-9ydy-wichitatransit,url
tld-401,f-dpx-wwwnftacom,url
tld-438,f-9q5b-torrancetransit,url
tld-461,f-9qj-sunlinetransitagency,url
tld-471,f-9q5f-glendalebeeline,url
tld-478,f-dn5b-georgiatechtrolley~stingershuttles,url
tld-478_1,f-dn5b-georgiatechtrolley~stingershuttles,url
tld-490,f-dnjq-greenlink,url
tld-492,f-dhx-tri~rail,url
tld-674,f-dpe0-kalamazoometrotransit,url
tld-679,f-9t9e-cityofsierravista,url
tld-688,f-9qfyf-jumparoundcarson,url
tld-757,f-dnpz-fast,url
tld-757_1,f-dnpz-fast,url
tld-764,f-djmu-jacksonvilletransportationauthority,url
tld-820,f-c25y-valleytransit,url
tld-881,f-9qh1-norwalktransitsystem,url
tld-942,f-djjg-lakecounty,url
tld-962,f-dnq5-greenwaypublictransportation,url
tld-1039,f-9yum-kuonwheels~lawrencetransitsystem,url
tld-1200,f-rts~seneca~ny,url
tld-1201,f-rts~wyoming~ny,url
tld-1213_1,f-sandusky,url
tld-1256,f-santa~clarita,url
tld-1301,f-santa~ynez~valley~transit,url
tld-1319,f-ncrtd~nm,url
tld-1325,f-park~city~ut,url
tld-1342,f-rosemead~ca~us,url
tld-1654,f-city~of~lompoc~transit,url
tld-1655,f-memphis~area~transit~authority,url
tld-1660,f-topeka~metro,url
tld-1660_1,f-topeka~metro,url
tld-1716,f-toledo~area~regional~transit~authority,url
tld-1716_1,f-toledo~area~regional~transit~authority,url
tld-1717,f-western~reserve~transit~authority,url
tld-2276,f-uga~ga~us,url
tld-2289,f-piercecountyferries~wa~us,url
tld-2290,f-seattlemonorail~wa~us,url
tld-3364,f-rioc~nyc,url
tld-3368,f-rockland~ny~us,url
tld-3390,f-jefferson~parish,url
tld-4129,f-gary~public~transportation~in~us,url
tld-4130,f-mountain~mobility~nc~us,url
tld-4131,f-clarksville~tn~us,url
tld-4134,f-freedom~transit~pa~us,url
tld-4135,f-high~point~nc~us,url
tld-4136,f-madison~county~transit~il~us,url
tld-4144,f-jaunt~inc~va,url
tld-4145,f-danville~va~us,url
tld-4210,f-c20-columbiacountyrider,url
tld-4211,f-c0p-sunsetempiretransportationdistrict,url
tld-4260,f-tulare~county~regional~transit~agency,url
tld-4273,f-ata~bus~ks,url
tld-4298,f-capitalareatransit~pa,url
tld-4327,f-lax~flyaway,url
tld-4379,f-fullington~trailways~ny,url
tld-4380,f-monsey~trails~ny,url
tld-4385,f-hartransit~ct~us,url
tld-4386,f-west~hollywood,url
tld-4436,f-cttransit~hartford~line,url
tld-4454,f-chapman~university,url
tld-4456,f-columbia~university,url
tld-4458,f-emory~hospital~midtown,url
tld-4459,f-epta~wv,url
tld-4462,f-harvard~university,url
tld-4465,f-mercy~college,url
tld-4466,f-miller~transportation~in~ky,url
tld-4469,f-north~fork~area~transit,url
tld-4470,f-ozark~regional~transit,url
tld-4472,f-university~of~chicago,url
tld-4473,f-university~of~connecticut,url
tld-4506,f-dhyf-martin~county,url
tld-4548,f-river~valley~transit~authority,url
tld-4551,f-area~transit~authority~north~central~pa,url
tld-4553,f-county~of~lackawanna~transit,url
tld-4555,f-luzerne~county~transit~authority,url
tld-4659,f-butler~transit~authority~pa,url
tld-4661,f-indiana~county~transit~authority,url
tld-4663,f-shenango~valley~shuttle~service~pa,url
tld-4665,f-hazleton~public~transit,url
tld-4667,f-city~of~cerritos,url
tld-4668,f-cooperative~alliance~for~seacoast~transportation,url
tld-4669,f-altoona~metro~transit,url
tld-4671,f-cambria~county~transit~authority,url
tld-4674,f-crawford~area~transportation~authority~pa,url
tld-4688,f-schuylkill~transportation~system,url
tld-4694,f-sheridan~wy~us,url
tld-4728,f-lexpress~lexington~ma,url
tld-4756,f-biddeford~saco~old~orchard~beach,url
tld-4757,f-stevens~point~wi,url
tld-4763,f-sarnia~on~ca,name_0.83
tld-4769,f-brightline~fl~us,url
tld-4771,f-cambria~county~transit~authority,name_0.86
tld-4777,f-athens~clarke~county~ga,url
tld-4781,f-inglewood~ca~us,url
tld-4791,f-kootenai~citylink,url
tld-4792,f-kootenai~citylink~rural,url
tld-4831,f-muskegon~area~transit,url
tld-4834,f-texas~state~san~marcos,url
tld-4834_1,f-texas~state~san~marcos,url
tld-5503,f-mid~mon~valley~transit~authority~pa,url
tld-5531,f-lebanon~transit~pa~us,url
tld-5537,f-nm~dot~park~and~ride~nm~us,url
tld-5547,f-imperial~valley~transit~ca~us,url
tld-5551,f-connect~douglas~ga~us,url
tld-5579,f-twintransit~wa~us,url
tld-5732,f-governorsislandferry~ny~us,url
tld-5739,f-libertylandingferry~ny~us,url
tld-5741,f-megabus~us,url
tld-5746,f-pats~co~us,url
tld-5748,f-portarthur~tx~us,url
tld-5749,f-rainbowrider~mn~us,url
tld-5750,f-rivervalley~ct~us,url
tld-5751,f-ruralresources~wa~us,url
tld-5753,f-smart~mn~us,url
tld-5754,f-snowgoosetransit~wa~us,url
tld-5755,f-solidground~wa~us,url
tld-5756,f-specialmobilityservices~wa~us,url
tld-5757,f-steamboatsprings~co~us,url
tld-5759,f-tricityroadrunner~ne~us,url
tld-5760,f-tulaliptransit~wa~us,url
tld-5761,f-unitedcap~mn~us,url
tld-5762,f-valleyexpress~ca~us,url
tld-5769,f-kanawha~valley~regional~transportation~authority,url
tld-5780,f-augusta~ga~us,url
tld-5781,f-adirondack~trailways~adt,url
tld-5783,f-adirondack~trailways~fab,url
tld-5787,f-glen~cove~ny,url
tld-5788,f-hudson~rail~link,url
tld-5790,f-monroe~bus~lines~kiryas~joel~ny,url
tld-5791,f-niagra~county~ny,url
tld-5863,f-rochester~institute~of~technology,url
tld-5864,f-concho~valley~tx~us,url
tld-5873,f-macatawa~area~express,url
tld-5877,f-schoharie~county~public~transit,url
tld-5878,f-jefferson~mn~us,url
tld-5893,f-billings~mt~us,url
tld-5895,f-skagit~wa~us,url
tld-5899,f-lakeland~passio,url
tld-5902,f-transit~orange~ny~us,url
tld-6095,f-bismarck~nd~us,url
tld-6670,f-reno~county~ks~us,url
tld-6674,f-boston~light~tour,url
tld-6675,f-bryce~canyon~shuttle,url
tld-6676,f-guis~ferry~service~fl,url
tld-6677,f-guis~ferry~service~ms,url
tld-6678,f-hafe~shuttle~transport,url
tld-6679,f-mariposa~grove~shuttle~service,url
tld-6681,f-yosemite~valley~shuttle,url
tld-6682,f-zion~canyon~shuttle,url
tld-6708,f-open~plains~transit~ne,url
tld-6713,f-beckley~wv~us,url
tld-6724,f-9mu-irvine~ca~us,url
tld-6735,f-dq0v-jacksonvilletransit,url
tld-6740,f-coast~transit~ms~us,url
tld-6741,f-rock~hill~sc~us,url
tld-6743,f-maricopa~express~az,url
tld-6745,f-columbia~county,url
tld-6747,f-oswego~county,url
tld-6748,f-dpx-wwwnftacom~rail,url
tld-6772,f-loveland~transit~co~us,url
tld-6773,f-wave~mobile~al~us,url
tld-6775,f-gatlinburg~tn~us,url
tld-6777,f-oneonta,url
tld-6785,f-westmoreland~pa~us,url
tld-6883,f-lake~erie~mi~us,url
tld-6900,f-acadia~national~park~island~explorer,url
tld-6902,f-bandalier~national~monument,url
tld-6904,f-denali~national~park,url
tld-6905,f-fort~matanzas~national~monument,url
tld-6906,f-fort~sumter~national~historic~park,url
tld-6907,f-giant~forest~shuttle,url
tld-6908,f-glacier~national~park,url
tld-6909,f-statue~of~liberty~ferries,url
tld-7019,f-sb~transpo~in~us,url
tld-7021,f-endless~mountains~transportation~authority,url
tld-7023,f-lower~anthracite~transit~system,url
tld-7025,f-pottstown~area~rapid~transit,url
tld-7027,f-fayette~area~coordinated~transportation,url
tld-7030,f-new~castle~area~transit~authority,url
tld-7034,f-seldovia~village~tribe,url
tld-7035,f-blue~water~area~transportation~commission,url
tld-7036,f-decatur~il~us,url
tld-7037,f-high~valley~transit~district,url
tld-7038,f-laredo~tx~us,url
tld-7039,f-lorain~county~oh~us,url
tld-7040,f-rts~genesee,url
tld-7041,f-rts~ontario,url
tld-7042,f-rts~orleans,url
tld-7043,f-rts~wyoming,url
tld-7045,f-marquette~county~transit~authority,url
tld-7046,f-tuscaloosa~county~parking~and~transit~authority,url
tld-7056,f-dnmy-appalcart,url
tld-7066,f-dnkc-cherokeetransit,url
tld-7067,f-ocpt~nc~us,url
tld-7068,f-west~virginia~university,url
tld-7068_1,f-west~virginia~university,url
tld-7824,f-bangor~me~us,url
tld-7827,f-cuats~tn~us,url
tld-7829,f-lawrence~county~transit~oh~us,url
tld-7841,f-edmond~ok~us,url
tld-7846,f-macon~bibb~county~ga~us,url
tld-7848,f-indian~river~county,url
tld-7850,f-potomac~valley~transit~authority,url
tld-7866,f-cranberry~isles,url
tld-7870,f-wests~bus~service,url
tld-7871,f-western~maine~transportation,url
tld-7885,f-ocpt~nc~us,url
tld-7914,f-hendry~co~bocc,url
tld-7915,f-capital~area~rural~transportation,url
tld-7925,f-djwq-chathamareatransit~ferry,url
tld-7927,f-brownsville~tx~us,url
tld-7929,f-fond~du~lac,url
tld-7930,f-mission~viejo~shuttle,url
tld-7941,f-osu~stillwater~community~transit,url
